{"data_time": 3.496093441499397, "eta_seconds": 393297.85474549304, "fast_rcnn/cls_accuracy": 1.0, "iteration": 19, "loss_box_reg": 0.0, "loss_cls": 0.23712578415870667, "loss_rpn_cls": 0.10274829715490341, "loss_rpn_loc": 0.016657942906022072, "lr": 0.00039962, "roi_head/num_bg_samples": 1.0, "roi_head/num_fg_samples": 0.0, "rpn/num_neg_anchors": 244.25, "rpn/num_pos_anchors": 11.75, "time": 4.370947485502256, "total_loss": 0.356245803181082}
{"data_time": 3.429219939000177, "eta_seconds": 390808.3477147161, "fast_rcnn/cls_accuracy": 1.0, "iteration": 39, "loss_box_reg": 0.0, "loss_cls": 0.000388267551898025, "loss_rpn_cls": 0.008765632519498467, "loss_rpn_loc": 0.010535503271967173, "lr": 0.0007992199999999999, "roi_head/num_bg_samples": 1.0, "roi_head/num_fg_samples": 0.0, "rpn/num_neg_anchors": 243.75, "rpn/num_pos_anchors": 12.25, "time": 4.300915196497954, "total_loss": 0.019543631948181428}
{"data_time": 3.436570614499942, "eta_seconds": 389169.5894277645, "fast_rcnn/cls_accuracy": 1.0, "iteration": 59, "loss_box_reg": 0.0, "loss_cls": 2.9979741157148965e-05, "loss_rpn_cls": 0.002332205418497324, "loss_rpn_loc": 0.006696050520986319, "lr": 0.00119882, "roi_head/num_bg_samples": 1.0, "roi_head/num_fg_samples": 0.0, "rpn/num_neg_anchors": 244.8125, "rpn/num_pos_anchors": 11.1875, "time": 4.317797712999891, "total_loss": 0.009164018277715513}
{"data_time": 3.4431341210001847, "eta_seconds": 389083.04960356443, "fast_rcnn/cls_accuracy": 1.0, "iteration": 79, "loss_box_reg": 0.0, "loss_cls": 1.3604536889033625e-05, "loss_rpn_cls": 0.0014646153431385756, "loss_rpn_loc": 0.005880054319277406, "lr": 0.0015984200000000001, "roi_head/num_bg_samples": 1.0, "roi_head/num_fg_samples": 0.0, "rpn/num_neg_anchors": 244.0, "rpn/num_pos_anchors": 12.0, "time": 4.326235871500103, "total_loss": 0.007346196890921419}
{"data_time": 3.445726221001678, "eta_seconds": 389147.52411396295, "fast_rcnn/cls_accuracy": 1.0, "iteration": 99, "loss_box_reg": 0.0, "loss_cls": 1.1447560609667562e-05, "loss_rpn_cls": 0.001255895069334656, "loss_rpn_loc": 0.005092676961794496, "lr": 0.00199802, "roi_head/num_bg_samples": 1.0, "roi_head/num_fg_samples": 0.0, "rpn/num_neg_anchors": 243.6875, "rpn/num_pos_anchors": 12.3125, "time": 4.342061499999545, "total_loss": 0.00638504923608707}
{"data_time": 3.4456739885026764, "eta_seconds": 388388.9623342606, "fast_rcnn/cls_accuracy": 1.0, "iteration": 119, "loss_box_reg": 0.0, "loss_cls": 1.101178486351273e-05, "loss_rpn_cls": 0.0008598506392445415, "loss_rpn_loc": 0.004217627923935652, "lr": 0.00239762, "roi_head/num_bg_samples": 1.0, "roi_head/num_fg_samples": 0.0, "rpn/num_neg_anchors": 243.78125, "rpn/num_pos_anchors": 12.21875, "time": 4.2768183934967965, "total_loss": 0.005390719356000773}
{"data_time": 3.4793580775003647, "eta_seconds": 389787.9776659786, "fast_rcnn/cls_accuracy": 1.0, "iteration": 139, "loss_box_reg": 0.0, "loss_cls": 9.011345809994964e-06, "loss_rpn_cls": 0.0007495238387491554, "loss_rpn_loc": 0.00399435474537313, "lr": 0.0027972199999999996, "roi_head/num_bg_samples": 1.0, "roi_head/num_fg_samples": 0.0, "rpn/num_neg_anchors": 243.875, "rpn/num_pos_anchors": 12.125, "time": 4.3735428734980815, "total_loss": 0.00464873281225664}
{"data_time": 3.4787240369987558, "eta_seconds": 390135.0112914422, "fast_rcnn/cls_accuracy": 1.0, "iteration": 159, "loss_box_reg": 0.0, "loss_cls": 1.0050683158624452e-05, "loss_rpn_cls": 0.0005624548066407442, "loss_rpn_loc": 0.0038168065948411822, "lr": 0.0031968199999999995, "roi_head/num_bg_samples": 1.0, "roi_head/num_fg_samples": 0.0, "rpn/num_neg_anchors": 243.96875, "rpn/num_pos_anchors": 12.03125, "time": 4.367907664498489, "total_loss": 0.004306147399347537}
{"data_time": 3.4956764960006694, "eta_seconds": 390658.54590778926, "fast_rcnn/cls_accuracy": 1.0, "iteration": 179, "loss_box_reg": 0.0, "loss_cls": 1.0363476576458197e-05, "loss_rpn_cls": 0.00048329331912100315, "loss_rpn_loc": 0.0039013363420963287, "lr": 0.0035964199999999995, "roi_head/num_bg_samples": 1.0, "roi_head/num_fg_samples": 0.0, "rpn/num_neg_anchors": 243.5625, "rpn/num_pos_anchors": 12.4375, "time": 4.376439048995962, "total_loss": 0.0046793343533408915}
{"data_time": 3.468778509497497, "eta_seconds": 391106.5177285556, "fast_rcnn/cls_accuracy": 1.0, "iteration": 199, "loss_box_reg": 0.0, "loss_cls": 1.0266693152516382e-05, "loss_rpn_cls": 0.00044741726014763117, "loss_rpn_loc": 0.0050516980700194836, "lr": 0.00399602, "roi_head/num_bg_samples": 1.0, "roi_head/num_fg_samples": 0.0, "rpn/num_neg_anchors": 244.28125, "rpn/num_pos_anchors": 11.71875, "time": 4.400626779002778, "total_loss": 0.005466977198921086}
{"data_time": 3.4032383209960244, "eta_seconds": 390653.0078828451, "fast_rcnn/cls_accuracy": 1.0, "iteration": 219, "loss_box_reg": 0.0, "loss_cls": 7.025805643934291e-06, "loss_rpn_cls": 0.00048809475265443325, "loss_rpn_loc": 0.00688383518718183, "lr": 0.00439562, "roi_head/num_bg_samples": 1.0, "roi_head/num_fg_samples": 0.0, "rpn/num_neg_anchors": 243.59375, "rpn/num_pos_anchors": 12.40625, "time": 4.25485390600079, "total_loss": 0.0074311244047748914}
{"data_time": 3.446429908501159, "eta_seconds": 390397.584955279, "fast_rcnn/cls_accuracy": 1.0, "iteration": 239, "loss_box_reg": 0.0, "loss_cls": 7.603181757076527e-06, "loss_rpn_cls": 0.0005482615670189261, "loss_rpn_loc": 0.004969178466126323, "lr": 0.00479522, "roi_head/num_bg_samples": 1.0, "roi_head/num_fg_samples": 0.0, "rpn/num_neg_anchors": 243.6875, "rpn/num_pos_anchors": 12.3125, "time": 4.3198872764951375, "total_loss": 0.0054706724654352}
{"data_time": 3.432929870999942, "eta_seconds": 389999.3098775585, "fast_rcnn/cls_accuracy": 1.0, "iteration": 259, "loss_box_reg": 0.0, "loss_cls": 6.645862640652922e-06, "loss_rpn_cls": 0.0006434877286665142, "loss_rpn_loc": 0.005220117047429085, "lr": 0.00519482, "roi_head/num_bg_samples": 1.0, "roi_head/num_fg_samples": 0.0, "rpn/num_neg_anchors": 243.59375, "rpn/num_pos_anchors": 12.40625, "time": 4.335849631999736, "total_loss": 0.005807550157896912}
{"data_time": 3.48092931499923, "eta_seconds": 390223.6109869389, "fast_rcnn/cls_accuracy": 1.0, "iteration": 279, "loss_box_reg": 0.0, "loss_cls": 7.4354989010316785e-06, "loss_rpn_cls": 0.000520045927260071, "loss_rpn_loc": 0.003544052829965949, "lr": 0.00559442, "roi_head/num_bg_samples": 1.0, "roi_head/num_fg_samples": 0.0, "rpn/num_neg_anchors": 243.59375, "rpn/num_pos_anchors": 12.40625, "time": 4.40779061449939, "total_loss": 0.004100001816368604}
{"data_time": 3.501086842501536, "eta_seconds": 390304.9098584452, "fast_rcnn/cls_accuracy": 1.0, "iteration": 299, "loss_box_reg": 0.0, "loss_cls": 5.718243528463063e-06, "loss_rpn_cls": 0.0004986874992027879, "loss_rpn_loc": 0.003606671467423439, "lr": 0.00599402, "roi_head/num_bg_samples": 1.0, "roi_head/num_fg_samples": 0.0, "rpn/num_neg_anchors": 244.46875, "rpn/num_pos_anchors": 11.53125, "time": 4.374321872499422, "total_loss": 0.004171493020066919}
{"data_time": 3.4639924289986084, "eta_seconds": 390217.8853523452, "fast_rcnn/cls_accuracy": 1.0, "iteration": 319, "loss_box_reg": 0.0, "loss_cls": 5.5171158237499185e-06, "loss_rpn_cls": 0.0005056981754023582, "loss_rpn_loc": 0.005448989570140839, "lr": 0.006393619999999999, "roi_head/num_bg_samples": 1.0, "roi_head/num_fg_samples": 0.0, "rpn/num_neg_anchors": 243.96875, "rpn/num_pos_anchors": 12.03125, "time": 4.3546851399987645, "total_loss": 0.005924212227455428}
{"data_time": 3.4522448505013017, "eta_seconds": 390113.8805872778, "fast_rcnn/cls_accuracy": 1.0, "iteration": 339, "loss_box_reg": 0.0, "loss_cls": 4.3585635012277635e-06, "loss_rpn_cls": 0.000625947694061324, "loss_rpn_loc": 0.004331050906330347, "lr": 0.006793220000000001, "roi_head/num_bg_samples": 1.0, "roi_head/num_fg_samples": 0.0, "rpn/num_neg_anchors": 244.0625, "rpn/num_pos_anchors": 11.9375, "time": 4.279821797001205, "total_loss": 0.005103206775402214}
{"data_time": 3.475937167499069, "eta_seconds": 390026.8598688778, "fast_rcnn/cls_accuracy": 1.0, "iteration": 359,